{"last_download_success": 1647203013.4024212, "unseen_downloads": [], "last_download_failure": 1647203014.4060216}